"Day","OldTestament","NewTestament","Wisdom"
"1","Genesis 1-3","Matthew 1","Psalms 1"
"2","Genesis 4-5","Matthew 2",""
"3","Genesis 6-7","Matthew 3","Psalms 2"
"4","Genesis 8-9","",""
"5","Genesis 10-11","Matthew 4","Psalms 3"
"6","Genesis 12-13","Matthew 5",""
"7","Genesis 14-15","","Psalms 4"
"8","Genesis 16-17","Matthew 6",""
"9","Genesis 18-19","Matthew 7","Psalms 5"
"10","Genesis 20-21","Matthew 8",""
"11","Genesis 22-23","","Psalms 6"
"12","Genesis 24-25","Matthew 9",""
"13","Genesis 26-27","Matthew 10","Psalms 7"
"14","Genesis 28-29","",""
"15","Genesis 30-31","Matthew 11","Psalms 8"
"16","Genesis 32-33","Matthew 12",""
"17","Genesis 34-35","Matthew 13","Psalms 9"
"18","Genesis 36-37","",""
"19","Genesis 38-39","Matthew 14","Psalms 10"
"20","Genesis 40-41","Matthew 15",""
"21","Genesis 42-44","","Psalms 11"
"22","Genesis 45-46","Matthew 16",""
"23","Genesis 47-48","Matthew 17","Psalms 12"
"24","Genesis 49-50","Matthew 18",""
"25","Exodus 1-2","","Psalms 13"
"26","Exodus 3-4","Matthew 19",""
"27","Exodus 5-6","Matthew 20","Psalms 14"
"28","Exodus 7-8","",""
"29","Exodus 9-10","Matthew 21","Psalms 15"
"30","Exodus 11-12","Matthew 22",""
"31","Exodus 13-14","Matthew 23","Psalms 16"
"32","Exodus 15-16","",""
"33","Exodus 17-18","Matthew 24","Psalms 17"
"34","Exodus 19-20","Matthew 25",""
"35","Exodus 21-22","","Psalms 18"
"36","Exodus 23-24","Matthew 26",""
"37","Exodus 25-26","Matthew 27","Psalms 19"
"38","Exodus 27-28","Matthew 28",""
"39","Exodus 29-30","","Psalms 20"
"40","Exodus 31-32","Mark 1",""
"41","Exodus 33-35","Mark 2","Psalms 21"
"42","Exodus 36-37","",""
"43","Exodus 38-39","Mark 3","Psalms 22"
"44","Exodus 40; Leviticus 1","Mark 4",""
"45","Leviticus 2-3","Mark 5","Psalms 23"
"46","Leviticus 4-5","",""
"47","Leviticus 6-7","Mark 6","Psalms 24"
"48","Leviticus 8-9","Mark 7",""
"49","Leviticus 10-11","","Psalms 25"
"50","Leviticus 12-13","Mark 8",""
"51","Leviticus 14-15","Mark 9","Psalms 26"
"52","Leviticus 16-17","Mark 10",""
"53","Leviticus 18-19","","Psalms 27"
"54","Leviticus 20-21","Mark 11",""
"55","Leviticus 22-23","Mark 12","Psalms 28"
"56","Leviticus 24-25","",""
"57","Leviticus 26-27","Mark 13","Psalms 29"
"58","Numbers 1-2","Mark 14",""
"59","Numbers 3-4","Mark 15","Psalms 30"
"60","Numbers 5-6","",""
"61","Numbers 7-9","Mark 16","Psalms 31"
"62","Numbers 10-11","Luke 1",""
"63","Numbers 12-13","","Psalms 32"
"64","Numbers 14-15","Luke 2",""
"65","Numbers 16-17","Luke 3","Psalms 33"
"66","Numbers 18-19","Luke 4",""
"67","Numbers 20-21","","Psalms 34"
"68","Numbers 22-23","Luke 5",""
"69","Numbers 24-25","Luke 6","Psalms 35"
"70","Numbers 26-27","",""
"71","Numbers 28-29","Luke 7","Psalms 36"
"72","Numbers 30-31","Luke 8",""
"73","Numbers 32-33","","Psalms 37"
"74","Numbers 34-35","Luke 9",""
"75","Numbers 36; Deuteronomy 1","Luke 10","Psalms 38"
"76","Deuteronomy 2-3","Luke 11",""
"77","Deuteronomy 4-5","","Psalms 39"
"78","Deuteronomy 6-7","Luke 12",""
"79","Deuteronomy 8-9","Luke 13","Psalms 40"
"80","Deuteronomy 10-11","",""
"81","Deuteronomy 12-13","Luke 14","Psalms 41"
"82","Deuteronomy 14-16","Luke 15",""
"83","Deuteronomy 17-18","Luke 16","Psalms 42"
"84","Deuteronomy 19-20","",""
"85","Deuteronomy 21-22","Luke 17","Psalms 43"
"86","Deuteronomy 23-24","Luke 18",""
"87","Deuteronomy 25-26","","Psalms 44"
"88","Deuteronomy 27-28","Luke 19",""
"89","Deuteronomy 29-30","Luke 20","Psalms 45"
"90","Deuteronomy 31-32","Luke 21",""
"91","Deuteronomy 33-34","","Psalms 46"
"92","Joshua 1-2","Luke 22",""
"93","Joshua 3-4","Luke 23","Psalms 47"
"94","Joshua 5-6","",""
"95","Joshua 7-8","Luke 24","Psalms 48"
"96","Joshua 9-10","John 1",""
"97","Joshua 11-12","John 2","Psalms 49"
"98","Joshua 13-14","",""
"99","Joshua 15-16","John 3","Psalms 50"
"100","Joshua 17-18","John 4",""
"101","Joshua 19-20","","Psalms 51"
"102","Joshua 21-23","John 5",""
"103","Joshua 24; Judges 1","John 6","Psalms 52"
"104","Judges 2-3","John 7",""
"105","Judges 4-5","","Psalms 53"
"106","Judges 6-7","John 8",""
"107","Judges 8-9","John 9","Psalms 54"
"108","Judges 10-11","",""
"109","Judges 12-13","John 10","Psalms 55"
"110","Judges 14-15","John 11",""
"111","Judges 16-17","John 12","Psalms 56"
"112","Judges 18-19","",""
"113","Judges 20-21","John 13","Psalms 57"
"114","Ruth 1-2","John 14",""
"115","Ruth 3-4","","Psalms 58"
"116","1 Samuel 1-2","John 15",""
"117","1 Samuel 3-4","John 16","Psalms 59"
"118","1 Samuel 5-6","John 17",""
"119","1 Samuel 7-8","","Psalms 60"
"120","1 Samuel 9-10","John 18",""
"121","1 Samuel 11-12","John 19","Psalms 61"
"122","1 Samuel 13-15","",""
"123","1 Samuel 16-17","John 20",""
"124","1 Samuel 18-19","John 21","Psalms 62"
"125","1 Samuel 20-21","Acts 1",""
"126","1 Samuel 22-23","","Psalms 63"
"127","1 Samuel 24-25","Acts 2",""
"128","1 Samuel 26-27","Acts 3","Psalms 64"
"129","1 Samuel 28-29","",""
"130","1 Samuel 30-31","Acts 4","Psalms 65"
"131","2 Samuel 1-2","Acts 5",""
"132","2 Samuel 3-4","Acts 6","Psalms 66"
"133","2 Samuel 5-6","",""
"134","2 Samuel 7-8","Acts 7","Psalms 67"
"135","2 Samuel 9-10","Acts 8",""
"136","2 Samuel 11-12","","Psalms 68"
"137","2 Samuel 13-14","Acts 9",""
"138","2 Samuel 15-16","Acts 10","Psalms 69"
"139","2 Samuel 17-18","Acts 11",""
"140","2 Samuel 19-20","","Psalms 70"
"141","2 Samuel 21-22","Acts 12",""
"142","2 Samuel 23-24; 1 Kings 1","Acts 13","Psalms 71"
"143","1 Kings 2-3","",""
"144","1 Kings 4-5","Acts 14","Psalms 72"
"145","1 Kings 6-7","Acts 15",""
"146","1 Kings 8-9","","Psalms 73"
"147","1 Kings 10-11","Acts 16",""
"148","1 Kings 12-13","Acts 17","Psalms 74"
"149","1 Kings 14-15","Acts 18",""
"150","1 Kings 16-17","","Psalms 75"
"151","1 Kings 18-19","Acts 19",""
"152","1 Kings 20-21","Acts 20","Psalms 76"
"153","1 Kings 22; 2 Kings 1","",""
"154","2 Kings 2-3","Acts 21","Psalms 77"
"155","2 Kings 4-5","Acts 22",""
"156","2 Kings 6-7","Acts 23","Psalms 78"
"157","2 Kings 8-9","",""
"158","2 Kings 10-11","Acts 24","Psalms 79"
"159","2 Kings 12-13","Acts 25",""
"160","2 Kings 14-15","","Psalms 80"
"161","2 Kings 16-17","Acts 26",""
"162","2 Kings 18-19","Acts 27","Psalms 81"
"163","2 Kings 20-22","Acts 28",""
"164","2 Kings 23-24","","Psalms 82"
"165","2 Kings 25; 1 Chronicles 1","Romans 1",""
"166","1 Chronicles 2-3","Romans 2","Psalms 83"
"167","1 Chronicles 4-5","",""
"168","1 Chronicles 6-7","Romans 3","Psalms 84"
"169","1 Chronicles 8-9","Romans 4",""
"170","1 Chronicles 10-11","Romans 5","Psalms 85"
"171","1 Chronicles 12-13","",""
"172","1 Chronicles 14-15","Romans 6","Psalms 86"
"173","1 Chronicles 16-17","Romans 7",""
"174","1 Chronicles 18-19","","Psalms 87"
"175","1 Chronicles 20-21","Romans 8",""
"176","1 Chronicles 22-23","Romans 9","Psalms 88"
"177","1 Chronicles 24-25","Romans 10",""
"178","1 Chronicles 26-27","","Psalms 89"
"179","1 Chronicles 28-29","Romans 11",""
"180","2 Chronicles 1-2","Romans 12","Psalms 90"
"181","2 Chronicles 3-4","",""
"182","2 Chronicles 5-6","Romans 13","Psalms 91"
"183","2 Chronicles 7-9","Romans 14",""
"184","2 Chronicles 10-11","Romans 15","Psalms 92"
"185","2 Chronicles 12-13","",""
"186","2 Chronicles 14-15","Romans 16","Psalms 93"
"187","2 Chronicles 16-17","1 Corinthians 1",""
"188","2 Chronicles 18-19","","Psalms 94"
"189","2 Chronicles 20-21","1 Corinthians 2",""
"190","2 Chronicles 22-23","1 Corinthians 3","Psalms 95"
"191","2 Chronicles 24-25","1 Corinthians 4",""
"192","2 Chronicles 26-27","","Psalms 96"
"193","2 Chronicles 28-29","1 Corinthians 5",""
"194","2 Chronicles 30-31","1 Corinthians 6","Psalms 97"
"195","2 Chronicles 32-33","",""
"196","2 Chronicles 34-35","1 Corinthians 7","Psalms 98"
"197","2 Chronicles 36; Ezra 1","1 Corinthians 8",""
"198","Ezra 2-3","1 Corinthians 9","Psalms 99"
"199","Ezra 4-5","",""
"200","Ezra 6-7","1 Corinthians 10","Psalms 100"
"201","Ezra 8-9","1 Corinthians 11",""
"202","Ezra 10; Nehemiah 1","","Psalms 101"
"203","Nehemiah 2-4","1 Corinthians 12",""
"204","Nehemiah 5-6","1 Corinthians 13","Psalms 102"
"205","Nehemiah 7-8","1 Corinthians 14",""
"206","Nehemiah 9-10","","Psalms 103"
"207","Nehemiah 11-12","1 Corinthians 15",""
"208","Nehemiah 13; Esther 1","1 Corinthians 16","Psalms 104"
"209","Esther 2-3","",""
"210","Esther 4-5","2 Corinthians 1","Psalms 105"
"211","Esther 6-7","2 Corinthians 2",""
"212","Esther 8-9","2 Corinthians 3","Psalms 106"
"213","Esther 10; Job 1","",""
"214","Job 2-3","2 Corinthians 4","Psalms 107"
"215","Job 4-5","2 Corinthians 5",""
"216","Job 6-7","","Psalms 108"
"217","Job 8-9","2 Corinthians 6",""
"218","Job 10-11","2 Corinthians 7","Psalms 109"
"219","Job 12-13","",""
"220","Job 14-15","2 Corinthians 8","Psalms 110"
"221","Job 16-17","2 Corinthians 9",""
"222","Job 18-19","2 Corinthians 10","Psalms 111"
"223","Job 20-21","",""
"224","Job 22-24","2 Corinthians 11","Psalms 112"
"225","Job 25-26","2 Corinthians 12",""
"226","Job 27-28","","Psalms 113"
"227","Job 29-30","2 Corinthians 13",""
"228","Job 31-32","Galatians 1","Psalms 114"
"229","Job 33-34","Galatians 2",""
"230","Job 35-36","","Psalms 115"
"231","Job 37-38","Galatians 3",""
"232","Job 39-40","Galatians 4","Psalms 116"
"233","Job 41-42","",""
"234","Ecclesiastes 1-2","Galatians 5","Psalms 117"
"235","Ecclesiastes 3-4","Galatians 6",""
"236","Ecclesiastes 5-6","Ephesians 1","Psalms 118"
"237","Ecclesiastes 7-8","",""
"238","Ecclesiastes 9-10","Ephesians 2","Psalms 119"
"239","Ecclesiastes 11-12","Ephesians 3",""
"240","Song of Solomon 1-2","","Psalms 120"
"241","Song of Solomon 3-4","Ephesians 4",""
"242","Song of Solomon 5-6","Ephesians 5","Psalms 121"
"243","Song of Solomon 7-8","Ephesians 6",""
"244","Isaiah 1-3","",""
"245","Isaiah 4-5","Philippians 1","Psalms 122"
"246","Isaiah 6-7","Philippians 2",""
"247","Isaiah 8-9","","Psalms 123"
"248","Isaiah 10-11","Philippians 3",""
"249","Isaiah 12-13","Philippians 4","Psalms 124"
"250","Isaiah 14-15","Colossians 1",""
"251","Isaiah 16-17","","Psalms 125"
"252","Isaiah 18-19","Colossians 2",""
"253","Isaiah 20-21","Colossians 3","Psalms 126"
"254","Isaiah 22-23","",""
"255","Isaiah 24-25","Colossians 4","Psalms 127"
"256","Isaiah 26-27","1 Thessalonians 1",""
"257","Isaiah 28-29","1 Thessalonians 2","Psalms 128"
"258","Isaiah 30-31","",""
"259","Isaiah 32-33","1 Thessalonians 3","Psalms 129"
"260","Isaiah 34-35","1 Thessalonians 4",""
"261","Isaiah 36-37","","Psalms 130"
"262","Isaiah 38-39","1 Thessalonians 5",""
"263","Isaiah 40-41","2 Thessalonians 1","Psalms 131"
"264","Isaiah 42-44","2 Thessalonians 2",""
"265","Isaiah 45-46","","Psalms 132"
"266","Isaiah 47-48","2 Thessalonians 3",""
"267","Isaiah 49-50","1 Timothy 1","Psalms 133"
"268","Isaiah 51-52","",""
"269","Isaiah 53-54","1 Timothy 2","Psalms 134"
"270","Isaiah 55-56","1 Timothy 3",""
"271","Isaiah 57-58","1 Timothy 4","Psalms 135"
"272","Isaiah 59-60","",""
"273","Isaiah 61-62","1 Timothy 5","Psalms 136"
"274","Isaiah 63-64","1 Timothy 6",""
"275","Isaiah 65-66","","Psalms 137"
"276","Jeremiah 1-2","2 Timothy 1",""
"277","Jeremiah 3-4","2 Timothy 2","Psalms 138"
"278","Jeremiah 5-6","2 Timothy 3",""
"279","Jeremiah 7-8","","Psalms 139"
"280","Jeremiah 9-10","2 Timothy 4",""
"281","Jeremiah 11-12","Titus 1","Psalms 140"
"282","Jeremiah 13-14","",""
"283","Jeremiah 15-16","Titus 2","Psalms 141"
"284","Jeremiah 17-19","Titus 3",""
"285","Jeremiah 20-21","Philemon 1","Psalms 142"
"286","Jeremiah 22-23","",""
"287","Jeremiah 24-25","Hebrews 1","Psalms 143"
"288","Jeremiah 26-27","Hebrews 2",""
"289","Jeremiah 28-29","","Psalms 144"
"290","Jeremiah 30-31","Hebrews 3",""
"291","Jeremiah 32-33","Hebrews 4","Psalms 145"
"292","Jeremiah 34-35","",""
"293","Jeremiah 36-37","Hebrews 5","Psalms 146"
"294","Jeremiah 38-39","Hebrews 6",""
"295","Jeremiah 40-41","Hebrews 7","Psalms 147"
"296","Jeremiah 42-43","",""
"297","Jeremiah 44-45","Hebrews 8","Psalms 148"
"298","Jeremiah 46-47","Hebrews 9",""
"299","Jeremiah 48-49","","Psalms 149"
"300","Jeremiah 50-51","Hebrews 10",""
"301","Jeremiah 52; Lamentations 1","Hebrews 11","Psalms 150"
"302","Lamentations 2-3","Hebrews 12",""
"303","Lamentations 4-5","","Proverbs 1"
"304","Ezekiel 1-2","Hebrews 13",""
"305","Ezekiel 3-5","James 1","Proverbs 2"
"306","Ezekiel 6-7","",""
"307","Ezekiel 8-9","James 2","Proverbs 3"
"308","Ezekiel 10-11","James 3",""
"309","Ezekiel 12-13","James 4","Proverbs 4"
"310","Ezekiel 14-15","",""
"311","Ezekiel 16-17","James 5","Proverbs 5"
"312","Ezekiel 18-19","1 Peter 1",""
"313","Ezekiel 20-21","","Proverbs 6"
"314","Ezekiel 22-23","1 Peter 2",""
"315","Ezekiel 24-25","1 Peter 3","Proverbs 7"
"316","Ezekiel 26-27","1 Peter 4",""
"317","Ezekiel 28-29","","Proverbs 8"
"318","Ezekiel 30-31","1 Peter 5",""
"319","Ezekiel 32-33","2 Peter 1","Proverbs 9"
"320","Ezekiel 34-35","",""
"321","Ezekiel 36-37","2 Peter 2","Proverbs 10"
"322","Ezekiel 38-39","2 Peter 3",""
"323","Ezekiel 40-41","1 John 1","Proverbs 11"
"324","Ezekiel 42-43","",""
"325","Ezekiel 44-46","1 John 2","Proverbs 12"
"326","Ezekiel 47-48","1 John 3",""
"327","Daniel 1-2","","Proverbs 13"
"328","Daniel 3-4","1 John 4",""
"329","Daniel 5-6","1 John 5","Proverbs 14"
"330","Daniel 7-8","2 John 1",""
"331","Daniel 9-10","","Proverbs 15"
"332","Daniel 11-12","3 John 1",""
"333","Hosea 1-2","Jude 1","Proverbs 16"
"334","Hosea 3-4","",""
"335","Hosea 5-6","Revelation 1","Proverbs 17"
"336","Hosea 7-8","Revelation 2",""
"337","Hosea 9-10","Revelation 3","Proverbs 18"
"338","Hosea 11-12","",""
"339","Hosea 13-14","Revelation 4","Proverbs 19"
"340","Joel 1-2","Revelation 5",""
"341","Joel 3; Amos 1","","Proverbs 20"
"342","Amos 2-3","Revelation 6",""
"343","Amos 4-5","Revelation 7","Proverbs 21"
"344","Amos 6-7","Revelation 8",""
"345","Amos 8-9; Obadiah 1","","Proverbs 22"
"346","Jonah 1-2","Revelation 9",""
"347","Jonah 3-4","Revelation 10","Proverbs 23"
"348","Micah 1-2","",""
"349","Micah 3-4","Revelation 11","Proverbs 24"
"350","Micah 5-6","Revelation 12",""
"351","Micah 7; Nahum 1","Revelation 13","Proverbs 25"
"352","Nahum 2-3","",""
"353","Habakkuk 1-2","Revelation 14","Proverbs 26"
"354","Habakkuk 3; Zephaniah 1","Revelation 15",""
"355","Zephaniah 2-3","","Proverbs 27"
"356","Haggai 1-2","Revelation 16",""
"357","Zechariah 1-2","Revelation 17","Proverbs 28"
"358","Zechariah 3-4","Revelation 18",""
"359","Zechariah 5-6","","Proverbs 29"
"360","Zechariah 7-8","Revelation 19",""
"361","Zechariah 9-10","Revelation 20","Proverbs 30"
"362","Zechariah 11-12","",""
"363","Zechariah 13-14","Revelation 21","Proverbs 31"
"364","Malachi 1-2","Revelation 22",""
"365","Malachi 3-4","",""
